{"_timestamp":1.7479593355277734e+09,"_runtime":164.6939697,"_step":179,"total_reward":-805.8919010162354,"_wandb":{"runtime":165},"distance":0}