{"_wandb":{"runtime":683},"distance":3.717123756329896,"_timestamp":1.7479645192506588e+09,"_runtime":682.8845029,"_step":1059,"total_reward":-611.1537766456604}