{"_runtime":904.4129329,"_step":805,"total_reward":-787.5135021209717,"distance":4.058198106278153,"_wandb":{"runtime":906},"_timestamp":1.7479636741358254e+09}