{"_runtime":80.4352388,"_step":37,"_wandb":{"runtime":81},"total_reward":-1909.5467386245728,"distance":471.6177083045438,"_timestamp":1.747958753374415e+09}