{"total_reward":-1311.219476222992,"distance":5.96493799453769,"_timestamp":1.7479612914827235e+09,"_runtime":1408.1000097,"_wandb":{"runtime":1409},"_step":1386}