{"_wandb":{"runtime":1029},"total_reward":-1661.9437775611877,"distance":9.078322413556515,"_timestamp":1.747965624656909e+09,"_runtime":1026.7561615,"_step":303}