{"_wandb":{"runtime":406},"_step":21,"total_reward":-205.72762417793274,"distance":9.388319777747968,"_timestamp":1.7479627084402506e+09,"_runtime":404.3391248}