{"_step":305,"count":28,"_wandb":{"runtime":454},"total_reward":-1298.3822221755981,"distance":7.074674350840527,"_timestamp":1.747966408929496e+09,"_runtime":451.8034658}