{"count":14,"_wandb":{"runtime":180},"total_reward":-5807.290048599243,"distance":13.828779904912325,"_timestamp":1.7479667061736965e+09,"_runtime":180.0386063,"_step":90}