{"distance":2.748015174540136,"_timestamp":1.7479672888216581e+09,"_runtime":502.435189,"_step":386,"count":26,"_wandb":{"runtime":502},"total_reward":-659.1203866004944}